VI,DVI,R1N,DR1N,R2N,DR2N,R3N,DR3N,RLN,DRLN,VO,DVO,VI,DVI,V-,DV-,V+,DV+,D,DD,VR1,DVR1,VR2,DVR2,VR3,DVR3,VRL,DVRL,RL,DRL,R1,DR1,R2,DR2,R3,DR3
9,0.01,10000,500,15000,750,10000,500,47000,2350,-13.12,0.0856,9.54,0.0677,0.44,0.0042,0,0.0002,-0.433,0.004165,9.05,0.06525,13.5,0.0875,0,0.0002,13.15,0.08575,46600,572.8,9890,99.12,15640,325.12,9940,99.52
9,0.01,10000,500,15000,750,10000,500,10000,500,-12.85,0.08425,9.53,0.06765,0.553,0.004765,0.0003,0.00020075,-0.586,0.00493,8.88,0.0644,13.33,0.08665,0,0.0002,12.78,0.0839,9860,98.88,9890,99.12,15640,325.12,9940,99.52
9,0.01,10000,500,15000,750,10000,500,1000,50,-10.13,0.07065,9.56,0.0678,1.67,0.01035,0.0013,0.00020325,-1.64,0.0102,7.8,0.059,11.69,0.07845,0.0001,0.00020025,10.06,0.0703,980,9.84,9890,99.12,15640,325.12,9940,99.52
