Nro Tapa,d,dd
1,3.035,0.015
2,5.605,0.089582364335845
3,4.3025,0.0851836251870042
4,7.09,0.0866025403784442
