m (g),v (ml),m/v
29.1,17.5,1.66285714285714
3.2,2.0,1.6
9.5,6.0,1.58333333333333
14.3,8.5,1.68235294117647
