N,denom,B,A,oY,oB,oA,dB,dA
4,0.300398770624144,3.1323107577356,-4.60468554159953,0.045036373262031,0.164340396360044,0.113800344183833,0.246510594540066,0.170700516275749
